Код;ФИО
1;Преподавтель 001
2;Преподавтель 002
3;Преподавтель 003
4;Преподавтель 004
5;Преподавтель 005
6;Преподавтель 006
7;Преподавтель 007
8;Преподавтель 008
9;Преподавтель 009
10;Преподавтель 010
11;Преподавтель 011
12;Преподавтель 012
13;Преподавтель 013
14;Преподавтель 014
15;Преподавтель 015
16;Преподавтель 016
17;Преподавтель 017
18;Преподавтель 018
19;Преподавтель 019
20;Преподавтель 020
21;Преподавтель 021
22;Преподавтель 022
23;Преподавтель 023
24;Преподавтель 024
25;Преподавтель 025
26;Преподавтель 026
27;Преподавтель 027
28;Преподавтель 028
29;Преподавтель 029
30;Преподавтель 030
31;Преподавтель 031
32;Преподавтель 032
33;Преподавтель 033
34;Преподавтель 034
35;Преподавтель 035
36;Преподавтель 036
37;Преподавтель 037
38;Преподавтель 038
39;Преподавтель 039
40;Преподавтель 040
41;Преподавтель 041
42;Преподавтель 042
43;Преподавтель 043
44;Преподавтель 044
45;Преподавтель 045
46;Преподавтель 046
47;Преподавтель 047
48;Преподавтель 048
49;Преподавтель 049
50;Преподавтель 050
51;Преподавтель 051
52;Преподавтель 052
53;Преподавтель 053
54;Преподавтель 054
55;Преподавтель 055
56;Преподавтель 056
57;Преподавтель 057
58;Преподавтель 058
59;Преподавтель 059
60;Преподавтель 060
61;Преподавтель 061
62;Преподавтель 062
63;Преподавтель 063
64;Преподавтель 064
65;Преподавтель 065
66;Преподавтель 066
67;Преподавтель 067
68;Преподавтель 068
69;Преподавтель 069
70;Преподавтель 070
71;Преподавтель 071
72;Преподавтель 072
73;Преподавтель 073
74;Преподавтель 074
75;Преподавтель 075
76;Преподавтель 076
77;Преподавтель 077
78;Преподавтель 078
79;Преподавтель 079
80;Преподавтель 080
81;Преподавтель 081
82;Преподавтель 082
83;Преподавтель 083
84;Преподавтель 084
85;Преподавтель 085
86;Преподавтель 086
87;Преподавтель 087
88;Преподавтель 088
89;Преподавтель 089
90;Преподавтель 090
91;Преподавтель 091
92;Преподавтель 092
93;Преподавтель 093
94;Преподавтель 094
95;Преподавтель 095
96;Преподавтель 096
97;Преподавтель 097
98;Преподавтель 098
99;Преподавтель 099
100;Преподавтель 100
101;Преподавтель 101
102;Преподавтель 102
103;Преподавтель 103
104;Преподавтель 104
105;Преподавтель 105
106;Преподавтель 106
107;Преподавтель 107
108;Преподавтель 108
109;Преподавтель 109
110;Преподавтель 110
111;Преподавтель 111
112;Преподавтель 112
113;Преподавтель 113
114;Преподавтель 114
115;Преподавтель 115
116;Преподавтель 116
117;Преподавтель 117
118;Преподавтель 118
119;Преподавтель 119
120;Преподавтель 120
121;Преподавтель 121
122;Преподавтель 122
123;Преподавтель 123
124;Преподавтель 124
125;Преподавтель 125
126;Преподавтель 126
127;Преподавтель 127
128;Преподавтель 128
129;Преподавтель 129
130;Преподавтель 130
131;Преподавтель 131
132;Преподавтель 132
133;Преподавтель 133
134;Преподавтель 134
135;Преподавтель 135
136;Преподавтель 136
137;Преподавтель 137
138;Преподавтель 138
139;Преподавтель 139
140;Преподавтель 140
141;Преподавтель 141
142;Преподавтель 142
143;Преподавтель 143
144;Преподавтель 144
145;Преподавтель 145
146;Преподавтель 146
147;Преподавтель 147
148;Преподавтель 148
149;Преподавтель 149
150;Преподавтель 150
151;Преподавтель 151
152;Преподавтель 152
153;Преподавтель 153
154;Преподавтель 154
155;Преподавтель 155
156;Преподавтель 156
157;Преподавтель 157
158;Преподавтель 158
159;Преподавтель 159
160;Преподавтель 160
161;Преподавтель 161
162;Преподавтель 162
163;Преподавтель 163
164;Преподавтель 164
165;Преподавтель 165
166;Преподавтель 166
167;Преподавтель 167
168;Преподавтель 168
169;Преподавтель 169
170;Преподавтель 170
171;Преподавтель 171
172;Преподавтель 172
173;Преподавтель 173
174;Преподавтель 174
175;Преподавтель 175
176;Преподавтель 176
177;Преподавтель 177
178;Преподавтель 178
179;Преподавтель 179
180;Преподавтель 180
181;Преподавтель 181
182;Преподавтель 182
183;Преподавтель 183
184;Преподавтель 184
185;Преподавтель 185
186;Преподавтель 186
187;Преподавтель 187
188;Преподавтель 188
189;Преподавтель 189
190;Преподавтель 190
191;Преподавтель 191
192;Преподавтель 192
193;Преподавтель 193
194;Преподавтель 194
195;Преподавтель 195
196;Преподавтель 196
197;Преподавтель 197
198;Преподавтель 198
199;Преподавтель 199
200;Преподавтель 200
201;Преподавтель 201
202;Преподавтель 202
203;Преподавтель 203
204;Преподавтель 204
205;Преподавтель 205
206;Преподавтель 206
207;Преподавтель 207
208;Преподавтель 208
209;Преподавтель 209
210;Преподавтель 210
211;Преподавтель 211
212;Преподавтель 212
213;Преподавтель 213
214;Преподавтель 214
215;Преподавтель 215
216;Преподавтель 216
217;Преподавтель 217
218;Преподавтель 218
219;Преподавтель 219
220;Преподавтель 220
221;Преподавтель 221
222;Преподавтель 222
223;Преподавтель 223
224;Преподавтель 224
225;Преподавтель 225
226;Преподавтель 226
227;Преподавтель 227
228;Преподавтель 228
229;Преподавтель 229
230;Преподавтель 230
231;Преподавтель 231
232;Преподавтель 232
233;Преподавтель 233
234;Преподавтель 234
235;Преподавтель 235
236;Преподавтель 236
237;Преподавтель 237
238;Преподавтель 238
239;Преподавтель 239
240;Преподавтель 240
241;Преподавтель 241
242;Преподавтель 242
243;Преподавтель 243
244;Преподавтель 244
245;Преподавтель 245
246;Преподавтель 246
247;Преподавтель 247
248;Преподавтель 248
249;Преподавтель 249
250;Преподавтель 250
251;Преподавтель 251
252;Преподавтель 252
253;Преподавтель 253
254;Преподавтель 254
255;Преподавтель 255
256;Преподавтель 256
257;Преподавтель 257
258;Преподавтель 258
259;Преподавтель 259
260;Преподавтель 260
261;Преподавтель 261
262;Преподавтель 262
263;Преподавтель 263
264;Преподавтель 264
265;Преподавтель 265
266;Преподавтель 266
267;Преподавтель 267
268;Преподавтель 268
269;Преподавтель 269
270;Преподавтель 270
271;Преподавтель 271
272;Преподавтель 272
273;Преподавтель 273
274;Преподавтель 274
275;Преподавтель 275
276;Преподавтель 276
277;Преподавтель 277
278;Преподавтель 278
279;Преподавтель 279
280;Преподавтель 280
281;Преподавтель 281
282;Преподавтель 282
283;Преподавтель 283
284;Преподавтель 284
285;Преподавтель 285
286;Преподавтель 286
287;Преподавтель 287
288;Преподавтель 288
289;Преподавтель 289
290;Преподавтель 290
291;Преподавтель 291
292;Преподавтель 292
293;Преподавтель 293
294;Преподавтель 294
295;Преподавтель 295
296;Преподавтель 296
297;Преподавтель 297
298;Преподавтель 298
299;Преподавтель 299
300;Преподавтель 300
301;Преподавтель 301
302;Преподавтель 302
303;Преподавтель 303
304;Преподавтель 304
305;Преподавтель 305
306;Преподавтель 306
307;Преподавтель 307
308;Преподавтель 308
309;Преподавтель 309
310;Преподавтель 310
311;Преподавтель 311
312;Преподавтель 312
313;Преподавтель 313
314;Преподавтель 314
315;Преподавтель 315
316;Преподавтель 316
317;Преподавтель 317
318;Преподавтель 318
319;Преподавтель 319
320;Преподавтель 320
321;Преподавтель 321
322;Преподавтель 322
323;Преподавтель 323
324;Преподавтель 324
325;Преподавтель 325
326;Преподавтель 326
327;Преподавтель 327
328;Преподавтель 328
329;Преподавтель 329
330;Преподавтель 330
331;Преподавтель 331
332;Преподавтель 332
333;Преподавтель 333
334;Преподавтель 334
335;Преподавтель 335
336;Преподавтель 336
337;Преподавтель 337
338;Преподавтель 338
339;Преподавтель 339
340;Преподавтель 340
341;Преподавтель 341
342;Преподавтель 342
343;Преподавтель 343
344;Преподавтель 344
345;Преподавтель 345
346;Преподавтель 346
347;Преподавтель 347
348;Преподавтель 348
349;Преподавтель 349
350;Преподавтель 350
351;Преподавтель 351
352;Преподавтель 352
353;Преподавтель 353
354;Преподавтель 354
355;Преподавтель 355
356;Преподавтель 356
357;Преподавтель 357
358;Преподавтель 358
359;Преподавтель 359
360;Преподавтель 360
361;Преподавтель 361
362;Преподавтель 362
363;Преподавтель 363
364;Преподавтель 364
365;Преподавтель 365
366;Преподавтель 366
367;Преподавтель 367
368;Преподавтель 368
369;Преподавтель 369
370;Преподавтель 370
371;Преподавтель 371
372;Преподавтель 372
373;Преподавтель 373
374;Преподавтель 374
375;Преподавтель 375
376;Преподавтель 376
377;Преподавтель 377
378;Преподавтель 378
379;Преподавтель 379
380;Преподавтель 380
381;Преподавтель 381
382;Преподавтель 382
383;Преподавтель 383
384;Преподавтель 384
385;Преподавтель 385
386;Преподавтель 386
387;Преподавтель 387
388;Преподавтель 388
389;Преподавтель 389
390;Преподавтель 390
391;Преподавтель 391
392;Преподавтель 392
393;Преподавтель 393
394;Преподавтель 394
395;Преподавтель 395
396;Преподавтель 396
397;Преподавтель 397
398;Преподавтель 398
399;Преподавтель 399
400;Преподавтель 400
401;Преподавтель 401
402;Преподавтель 402
403;Преподавтель 403
404;Преподавтель 404
405;Преподавтель 405
406;Преподавтель 406
407;Преподавтель 407
408;Преподавтель 408
409;Преподавтель 409
410;Преподавтель 410
411;Преподавтель 411
412;Преподавтель 412
413;Преподавтель 413
414;Преподавтель 414
415;Преподавтель 415
416;Преподавтель 416
417;Преподавтель 417
418;Преподавтель 418
419;Преподавтель 419
420;Преподавтель 420
421;Преподавтель 421
422;Преподавтель 422
423;Преподавтель 423
424;Преподавтель 424
425;Преподавтель 425
426;Преподавтель 426
427;Преподавтель 427
428;Преподавтель 428
429;Преподавтель 429
430;Преподавтель 430
431;Преподавтель 431
432;Преподавтель 432
433;Преподавтель 433
434;Преподавтель 434
435;Преподавтель 435
436;Преподавтель 436
437;Преподавтель 437
438;Преподавтель 438
439;Преподавтель 439
440;Преподавтель 440
441;Преподавтель 441
442;Преподавтель 442
443;Преподавтель 443
444;Преподавтель 444
445;Преподавтель 445
446;Преподавтель 446
447;Преподавтель 447
448;Преподавтель 448
449;Преподавтель 449
450;Преподавтель 450
451;Преподавтель 451
452;Преподавтель 452
453;Преподавтель 453
454;Преподавтель 454
455;Преподавтель 455
456;Преподавтель 456
457;Преподавтель 457
458;Преподавтель 458
459;Преподавтель 459
460;Преподавтель 460
461;Преподавтель 461
462;Преподавтель 462
463;Преподавтель 463
464;Преподавтель 464
465;Преподавтель 465
466;Преподавтель 466
467;Преподавтель 467
468;Преподавтель 468
469;Преподавтель 469
470;Преподавтель 470
471;Преподавтель 471
472;Преподавтель 472
473;Преподавтель 473
474;Преподавтель 474
475;Преподавтель 475
476;Преподавтель 476
477;Преподавтель 477
478;Преподавтель 478
479;Преподавтель 479
480;Преподавтель 480
481;Преподавтель 481
482;Преподавтель 482
483;Преподавтель 483
484;Преподавтель 484
485;Преподавтель 485
486;Преподавтель 486
487;Преподавтель 487
488;Преподавтель 488
489;Преподавтель 489
490;Преподавтель 490
491;Преподавтель 491
492;Преподавтель 492
493;Преподавтель 493
494;Преподавтель 494
495;Преподавтель 495
496;Преподавтель 496
497;Преподавтель 497
498;Преподавтель 498
499;Преподавтель 499
500;Преподавтель 500
501;Преподавтель 501
502;Преподавтель 502
503;Преподавтель 503
504;Преподавтель 504
505;Преподавтель 505
506;Преподавтель 506
507;Преподавтель 507
508;Преподавтель 508
509;Преподавтель 509
510;Преподавтель 510
511;Преподавтель 511
512;Преподавтель 512
513;Преподавтель 513
514;Преподавтель 514
515;Преподавтель 515
516;Преподавтель 516
517;Преподавтель 517
518;Преподавтель 518
519;Преподавтель 519
520;Преподавтель 520
521;Преподавтель 521
522;Преподавтель 522
523;Преподавтель 523
524;Преподавтель 524
525;Преподавтель 525
526;Преподавтель 526
527;Преподавтель 527
528;Преподавтель 528
529;Преподавтель 529
530;Преподавтель 530
531;Преподавтель 531
532;Преподавтель 532
533;Преподавтель 533
534;Преподавтель 534
535;Преподавтель 535
536;Преподавтель 536
537;Преподавтель 537
538;Преподавтель 538
539;Преподавтель 539
540;Преподавтель 540
541;Преподавтель 541
542;Преподавтель 542
543;Преподавтель 543
544;Преподавтель 544
545;Преподавтель 545
546;Преподавтель 546
547;Преподавтель 547
548;Преподавтель 548
549;Преподавтель 549
550;Преподавтель 550
551;Преподавтель 551
552;Преподавтель 552
553;Преподавтель 553
